{
  "final_accuracy": 0.8572096657370495,
  "best_method": "stacking",
  "all_results": {
    "simple": 0.7719586405917612,
    "weighted": 0.7724947388232074,
    "stacking": 0.857135524492275,
    "classwise": 0.7724434102691328
  },
  "model_scores": {
    "lgbm": 0.7894502711858606,
    "xgb": 0.7605979206232427,
    "catboost": 0.7409733034487085,
    "extratrees": 0.7590466576556538,
    "nn": 0.7276449889073291,
    "two_stage": 0.7649038159928369
  },
  "per_class_accuracy": {
    "Analysis": 0.214,
    "Backdoor": 0.14719358533791524,
    "DoS": 0.1350293542074364,
    "Exploits": 0.9303147366214476,
    "Fuzzers": 0.8124725032996041,
    "Generic": 0.983525,
    "Normal": 0.9631428571428572,
    "Reconnaissance": 0.7504527690401296,
    "Shellcode": 0.76522506619594,
    "Worms": 0.7153846153846154
  }
}