{
  "final_accuracy": 0.7289282027591949,
  "best_config": {
    "alpha": 0.1,
    "suppress": 0.8500000000000003,
    "acc": 0.734768251578353,
    "hard_recall": 0.39424832792725745
  },
  "per_class_recall": {
    "Analysis": 0.3285,
    "Backdoor": 0.2972508591065292,
    "DoS": 0.5609099804305284,
    "Exploits": 0.31222112418770404,
    "Fuzzers": 0.8768147822261328,
    "Generic": 0.982175,
    "Normal": 0.7938571428571428,
    "Reconnaissance": 0.8072633686016586,
    "Shellcode": 0.9346866725507502,
    "Worms": 0.8846153846153846
  }
}