{
  "n_folds": 5,
  "n_features": 91,
  "feature_engineering": {
    "target_encoding": true,
    "frequency_encoding": true,
    "feature_interactions": true
  },
  "best_method": "stacking",
  "final_accuracy": 0.8425696214804296,
  "all_ensemble_results": {
    "simple": 0.786336338905333,
    "optimized": 0.786347745250683,
    "stacking": 0.8425696214804296
  },
  "optimal_weights": {
    "lgbm": 0.3333888912035108,
    "xgb": 0.3333055543982446,
    "catboost": 0.3333055543982446
  },
  "model_cv_scores": {
    "lgbm": {
      "mean": 0.7884807240625005,
      "std": 0.003743085358125562,
      "folds": [
        0.789842881177108,
        0.7950838371164595,
        0.7843618113379719,
        0.786215353028402,
        0.7868997376525607
      ]
    },
    "xgb": {
      "mean": 0.7570448484060931,
      "std": 0.0014814555343152522,
      "folds": [
        0.7562804756337506,
        0.7570719744496407,
        0.757642294969773,
        0.7548762404471313,
        0.7593532565301699
      ]
    },
    "catboost": {
      "mean": 0.7381901424317481,
      "std": 0.004115909810827113,
      "folds": [
        0.740426017280219,
        0.7381943652332611,
        0.7407608075738565,
        0.7302383939774153,
        0.7413311280939888
      ]
    }
  }
}