{
  "train_loss": [
    1.1278624727407498,
    0.6579107794329802,
    0.5251864285853273,
    0.4708508629052434,
    0.434965192313613,
    0.4120513864949811,
    0.3919218331772357,
    0.37767909105356817,
    0.36801385093091143,
    0.35890596403275227,
    0.3526212135806817,
    0.34625647146103333,
    0.34097788049229144,
    0.3375657199205589,
    0.3333265175705914,
    0.33097116157371237,
    0.32834860373804226,
    0.32540578594776554,
    0.32283083616062325,
    0.320936253322681,
    0.3184625907497341,
    0.3171469294416744,
    0.31488256675579135,
    0.3138189568250498,
    0.31135386293409484,
    0.3099206032603994,
    0.3086180081593947,
    0.3074271803209717,
    0.3065853409341101,
    0.3056918277156042,
    0.30514942216015245,
    0.3037914604886221,
    0.3027096485811705,
    0.30224559840204407,
    0.3011896997988746,
    0.3002271226348954,
    0.2996067890227779,
    0.29856507293578793,
    0.2974659669591546,
    0.2970473477290029,
    0.29550474643389735,
    0.2952680071967358,
    0.2949056761080267,
    0.29472447291994097,
    0.293957150713458,
    0.29335003298148593,
    0.2924846216569033,
    0.29202202699275587,
    0.2911154898254279,
    0.2908628491189273,
    0.2898972931485473,
    0.28926420252924434,
    0.28880138704348346,
    0.28854339661085276,
    0.2877636525135906,
    0.28751910002848974,
    0.2871581849721165,
    0.2864042019869091,
    0.28604918580683314,
    0.2860188458170677,
    0.28550361230624394,
    0.28437972158170194,
    0.2844384251035021,
    0.28407271514172366,
    0.28344701237104764,
    0.2829502935297614,
    0.28305081541112365,
    0.2821294555182855,
    0.28185332187594353,
    0.28166138536092367,
    0.28064448985005724,
    0.28079514064711647,
    0.28098804206078976,
    0.28021879353546064,
    0.2799961832732194,
    0.27932459062841825,
    0.2795809766613347,
    0.27869508129888076,
    0.2787478117026291,
    0.27863047896777093,
    0.2784739223381929,
    0.2782482145300749,
    0.27829169983555535,
    0.2777623368514029,
    0.2779377575788943,
    0.2774237788612418,
    0.278032071838506,
    0.27782837891959167,
    0.2775855820405136,
    0.27689745907705476,
    0.2773780078101772,
    0.2771296272063775,
    0.27682623051133476,
    0.276249450250391,
    0.27692223836466706,
    0.2768892548127835,
    0.277011224474383,
    0.27678673094448286,
    0.27620218811618474,
    0.2767742499210721
  ],
  "train_acc": [
    0.5423211374204068,
    0.7029301055428445,
    0.7428458322989284,
    0.7568153302155811,
    0.769120834144083,
    0.7765886781312275,
    0.7839961352397694,
    0.7892363743718087,
    0.7924771368567959,
    0.7959460275498359,
    0.7984688571447742,
    0.8014211045431062,
    0.8035212259878287,
    0.8056750246579755,
    0.8078355329813002,
    0.8092043022296177,
    0.8108079093391662,
    0.8110897147726434,
    0.812975127315669,
    0.8140620911305094,
    0.8144780896275472,
    0.8150014425754333,
    0.8166385979508719,
    0.8164641469682432,
    0.8169472419970611,
    0.818631364944746,
    0.8194096847133971,
    0.8197787156381887,
    0.8201880044820483,
    0.8203221975456089,
    0.8198391025167909,
    0.8205301967941278,
    0.8222277390481686,
    0.8213823227477371,
    0.8220063204932937,
    0.8224625769093995,
    0.8230463167358879,
    0.8233482511288992,
    0.8236166372560202,
    0.8242674736142889,
    0.8243546991056032,
    0.8244217956373835,
    0.8249183099725576,
    0.8253343084695952,
    0.8247572782962849,
    0.8260522413596442,
    0.8256563718221405,
    0.8263474660994773,
    0.8264346915907916,
    0.8265554653479962,
    0.8266426908393105,
    0.8273472044230034,
    0.8267164970242689,
    0.8269379155791438,
    0.8279175249431356,
    0.8285146840759802,
    0.8287562315903891,
    0.8283536523997075,
    0.8289172632666617,
    0.8287696508967451,
    0.8299102919370098,
    0.8298499050584075,
    0.8301585491045967,
    0.8305275800293883,
    0.8297828085266272,
    0.830460483497608,
    0.8302860325149793,
    0.83045377384443,
    0.83096370748596,
    0.8312119646535471,
    0.8318628010118156,
    0.8308160951160435,
    0.831943316849952,
    0.8317554465609672,
    0.8321244774857588,
    0.8324197022255919,
    0.8321915740175391,
    0.832171445058005,
    0.8327350559249592,
    0.8327551848844933,
    0.8326142821677548,
    0.8326075725145767,
    0.8327484752313153,
    0.8328424103758076,
    0.833171183381531,
    0.83290279725441,
    0.832198283670717,
    0.8328625393353417,
    0.8327283462717812,
    0.8340233093351405,
    0.8334932467340763,
    0.8331846026878871,
    0.8331175061561068,
    0.8338220197397996,
    0.8333926019364059,
    0.8328826682948758,
    0.8338488583525118,
    0.8333187957514476,
    0.833660988063527,
    0.8330705385838606
  ],
  "val_loss": [
    0.6708447134782131,
    0.5179633571570222,
    0.4528741985797411,
    0.4197075060883109,
    0.4234174647246755,
    0.3889125517661758,
    0.37638517126920296,
    0.3691689493755688,
    0.35567430805710365,
    0.35868347523267,
    0.3673777841935184,
    0.34098692081852217,
    0.34457394605570896,
    0.348264344898288,
    0.33173785427388797,
    0.3362501623281353,
    0.3377847507075931,
    0.32815080858003903,
    0.3296269362063093,
    0.3267311419532214,
    0.32611220243829037,
    0.3216612407344619,
    0.3210135468892041,
    0.3237868447954977,
    0.3217338532442811,
    0.31615084660804715,
    0.32001907680118213,
    0.31881913899441705,
    0.3134993242475073,
    0.31447708788919554,
    0.31169005922061593,
    0.31021385739333873,
    0.3121617579471928,
    0.3121098461744677,
    0.31009859673361045,
    0.3097117995025631,
    0.3081781808758551,
    0.31027224244985113,
    0.30619775160040097,
    0.3075235828176015,
    0.30939226442711876,
    0.3091248466292132,
    0.30835583879461614,
    0.3084690486190074,
    0.3091684825093508,
    0.3093787823083437,
    0.3065096320883692,
    0.3063194662543288,
    0.30436753826933244,
    0.3051699472352059,
    0.3041371498875868,
    0.3066777066489733,
    0.30837490137389706,
    0.30519472646918117,
    0.3044805251983679,
    0.3039928887603981,
    0.3049381943372128,
    0.30521397424164803,
    0.3033293753479399,
    0.30480677312285753,
    0.30527995262215973,
    0.30556445432320245,
    0.3047893147882459,
    0.3035462599622461,
    0.30456675855698817,
    0.30330719618360025,
    0.30246342568014634,
    0.30389171929406933,
    0.30361316439480157,
    0.302499878115096,
    0.3033522162593532,
    0.3052071351287447,
    0.30333394612815295,
    0.30329946233024074,
    0.30364442842920947,
    0.3027710174256047,
    0.3023510059243635,
    0.3055720125125956,
    0.3043441478131561,
    0.303542962877227,
    0.3034506292454091,
    0.30215800620015515,
    0.3034946193111123,
    0.30237683989676983,
    0.3029450681755982,
    0.3027033275791415,
    0.3029729643073628,
    0.30269469087019263,
    0.30273523129725055,
    0.30306750629104307,
    0.30272799298596664,
    0.30260509857160767,
    0.3027375895739889,
    0.3031737944915008,
    0.30294033179545293,
    0.3029649738607892,
    0.3028811291523029,
    0.30287857538492957,
    0.3028773239140057,
    0.30288076927413343
  ],