{
  "n_folds": 5,
  "ensemble_accuracy": 0.8147666546900041,
  "weights": {
    "lgbm": 0.5096185635600449,
    "xgb": 0.27584250155503853,
    "catboost": 0.21453893488491663
  },
  "model_scores": {
    "lgbm": {
      "mean": 0.8283059931031435,
      "std": 0.0011816923809403969,
      "folds": [
        0.8271692948187859,
        0.8272213984259154,
        0.8299019048705373,
        0.8295597125584578,
        0.8276776548420213
      ]
    },
    "xgb": {
      "mean": 0.7669227445212273,
      "std": 0.0007070147103465873,
      "folds": [
        0.7659756480082124,
        0.7668814873959166,
        0.7681647085662142,
        0.7666818752138702,
        0.7669100034219232
      ]
    },
    "catboost": {
      "mean": 0.7417888587339149,
      "std": 0.0024538660448029234,
      "folds": [
        0.7415095953691294,
        0.7372533363750428,
        0.7425858332382799,
        0.7431846697844189,
        0.7444108589027033
      ]
    }
  }
}